strategy,cumulative_return,annualised_return,annualised_volatility,sharpe_ratio,sortino_ratio,max_drawdown,max_drawdown_duration
NR (No Retrieval),0.635893,0.185194,0.119207,1.4853,2.5366,-0.077362,135.0
R-LLM (No LLM),0.635893,0.185194,0.119207,1.4853,2.5366,-0.077362,135.0
R+L-NoU (No Uncertainty),0.635893,0.185194,0.119207,1.4853,2.5366,-0.077362,135.0
Full (R+L+U),0.635893,0.185194,0.119207,1.4853,2.5366,-0.077362,135.0
